Id,Country,Short,Central_lat,Central_lng
1,Afghanistan,AF,33.93911,67.709953
2,Albania,AL,41.153332,20.168331
3,Algeria,DZ,28.033886,1.659626
4,Andorra,AD,42.506285,1.521801
5,Angola,AO,-11.202692,17.873887
6,Antigua,Antigua,17.074656,-61.817521
7,Argentina,AR,-38.416097,-63.616672
8,Armenia,AM,40.069099,45.038189
9,Australia,AU,-25.274398,133.775136
10,Austria,AT,47.516231,14.550072
11,Azerbaijan,AZ,40.143105,47.576927
12,The Bahamas,BS,25.03428,-77.39628
13,Bahrain,BH,26.0667,50.5577
14,Bangladesh,BD,23.684994,90.356331
15,Barbados,BB,13.193887,-59.543198
16,Belarus,BY,53.709807,27.953389
17,Belgium,BE,50.503887,4.469936
18,Belize,BZ,17.189877,-88.49765
19,Benin,BJ,9.30769,2.315834
20,Bhutan,BT,27.514162,90.433601
21,Bolivia,BO,-16.290154,-63.588653
22,Botswana,BW,-22.328474,24.684866
23,Brazil,BR,-14.235004,-51.92528
24,Brunei,BN,4.535277,114.727669
25,Bulgaria,BG,42.733883,25.48583
26,Burkina Faso,BF,12.238333,-1.561593
27,Burundi,BI,-3.373056,29.918886
28,Cambodia,KH,12.565679,104.990963
29,Cameroon,CM,7.369722,12.354722
30,Canada,CA,56.130366,-106.346771
31,Cape Verde,CV,15.120142,-23.605172
32,Chad,TD,15.454166,18.732207
33,Chile,CL,-35.675147,-71.542969
34,China,CN,35.86166,104.195397
35,Colombia,CO,4.570868,-74.297333
36,Comoros,KM,-11.6455,43.3333
37,Congo,CG,-0.228021,15.827659
38,Costa Rica,CR,9.748917,-83.753428
39,Croatia,HR,45.1,15.2
40,Cuba,CU,21.521757,-77.781167
41,Cyprus,CY,35.126413,33.429859
42,Czech Republic,CZ,49.817492,15.472962
43,Denmark,DK,56.26392,9.501785
44,Djibouti,DJ,11.825138,42.590275
45,Dominica,DM,15.414999,-61.370976
46,Timor-Leste,TL,-8.874217,125.727539
47,Ecuador,EC,-1.831239,-78.183406
48,Egypt,EG,26.820553,30.802498
49,El Salvador,SV,13.794185,-88.89653
50,Eritrea,ER,15.179384,39.782334
51,Estonia,EE,58.595272,25.013607
52,Ethiopia,ET,9.145,40.489673
53,Fiji,FJ,-17.713371,178.065032
54,Finland,FI,61.92411,25.748151
55,France,FR,46.227638,2.213749
56,Gabon,GA,-0.803689,11.609444
57,The Gambia,GM,13.443182,-15.310139
58,Georgia,GA,32.165622,-82.900075
59,Germany,DE,51.165691,10.451526
60,Ghana,GH,7.946527,-1.023194
61,Greece,GR,39.074208,21.824312
62,Grenada,GD,12.1165,-61.679
63,Guatemala,GT,15.783471,-90.230759
64,Guinea,GN,9.945587,-9.696645
65,Guinea-Bissau,GW,11.803749,-15.180413
66,Guyana,GY,4.860416,-58.93018
67,Haiti,HT,18.971187,-72.285215
68,Honduras,HN,15.199999,-86.241905
69,Hungary,HU,47.162494,19.503304
70,Iceland,IS,64.963051,-19.020835
71,India,IN,20.593684,78.96288
72,Indonesia,ID,-0.789275,113.921327
73,Iran,IR,32.427908,53.688046
74,Iraq,IQ,33.223191,43.679291
75,Ireland,IE,53.41291,-8.24389
76,Israel,IL,31.046051,34.851612
77,Italy,IT,41.87194,12.56738
78,Jamaica,JM,18.109581,-77.297508
79,Japan,JP,36.204824,138.252924
80,Jordan,JO,30.585164,36.238414
81,Kazakhstan,KZ,48.019573,66.923684
82,Kenya,KE,-0.023559,37.906193
83,Kiribati,KI,1.870919,-157.362601
84,North Korea,KP,40.339852,127.510093
85,South Korea,KR,35.907757,127.766922
86,Kosovo,XK,42.581372,20.889336
87,Kuwait,KW,29.31166,47.481766
88,Kyrgyzstan,KG,41.20438,74.766098
89,Laos,LA,19.85627,102.495496
90,Latvia,LV,56.879635,24.603189
91,Lebanon,LB,33.854721,35.862285
92,Lesotho,LS,-29.609988,28.233608
93,Liberia,LR,6.428055,-9.429499
94,Libya,LY,26.3351,17.228331
95,Liechtenstein,LI,47.166,9.555373
96,Lithuania,LT,55.169438,23.881275
97,Luxembourg,LU,49.815273,6.129583
98,Madagascar,MG,-18.766947,46.869107
99,Malawi,MW,-13.254308,34.301525
100,Malaysia,MY,4.210484,101.975766
101,Maldives,MV,1.977247,73.536103
102,Mali,ML,17.570692,-3.996166
103,Malta,MT,35.937496,14.375416
104,Marshall Islands,MH,7.131474,171.184478
105,Mauritania,MR,21.00789,-10.940835
106,Mauritius,MU,-20.348404,57.552152
107,Mexico,MX,23.634501,-102.552784
108,Micronesia,FM,6.887351,158.215072
109,Moldova,MD,47.411631,28.369885
110,Monaco,MC,43.738418,7.424616
111,Mongolia,MN,46.862496,103.846656
112,Montenegro,ME,42.708678,19.37439
113,Morocco,MA,31.791702,-7.09262
114,Mozambique,MZ,-18.665695,35.529562
115,Namibia,NA,-22.95764,18.49041
116,Nauru,NR,-0.522778,166.931503
117,Nepal,NP,28.394857,84.124008
118,The Netherlands,NL,52.132633,5.291266
119,New Zealand,NZ,-40.900557,174.885971
120,Nicaragua,NI,12.865416,-85.207229
121,Niger,NE,17.607789,8.081666
122,Nigeria,NG,9.081999,8.675277
123,Norway,NO,60.472024,8.468946
124,Oman,OM,21.512583,55.923255
125,Pakistan,PK,30.375321,69.345116
126,Palau,PW,7.51498,134.58252
127,Panama,PA,8.537981,-80.782127
128,Papua New Guinea,PG,-6.314993,143.95555
129,Paraguay,PY,-23.442503,-58.443832
130,Peru,PE,-9.189967,-75.015152
131,Philippines,PH,12.879721,121.774017
132,Poland,PL,51.919438,19.145136
133,Portugal,PT,39.399872,-8.224454
134,Qatar,QA,25.354826,51.183884
135,Romania,RO,45.943161,24.96676
136,Russia,RU,61.52401,105.318756
137,Rwanda,RW,-1.940278,29.873888
138,Samoa,WS,-13.759029,-172.104629
139,San Marino,SM,43.94236,12.457777
140,Saudi Arabia,SA,23.885942,45.079162
141,Senegal,SN,14.497401,-14.452362
142,Serbia,RS,44.016521,21.005859
143,Seychelles,SC,-4.679574,55.491977
144,Sierra Leone,SL,8.460555,-11.779889
145,Singapore,SG,1.352083,103.819836
146,Slovakia,SK,48.669026,19.699024
147,Slovenia,SI,46.151241,14.995463
148,Solomon Islands,SB,-9.64571,160.156194
149,Somalia,SO,5.152149,46.199616
150,South Africa,ZA,-30.559482,22.937506
151,South Sudan,SS,7.963092,30.15893
152,Spain,ES,40.463667,-3.74922
153,Sri Lanka,LK,7.873054,80.771797
154,Saint Lucia,LC,13.909444,-60.978893
155,Sudan,SD,12.862807,30.217636
156,Suriname,SR,3.919305,-56.027783
157,Swaziland,SZ,-26.522503,31.465866
158,Sweden,SE,60.128161,18.643501
159,Switzerland,CH,46.818188,8.227512
160,Syria,SY,34.802075,38.996815
161,Taiwan,TW,23.69781,120.960515
162,Tajikistan,TJ,38.861034,71.276093
163,Tanzania,TZ,-6.369028,34.888822
164,Thailand,TH,15.870032,100.992541
165,Togo,TG,8.619543,0.824782
166,Tonga,TO,-21.178986,-175.198242
167,Tunisia,TN,33.886917,9.537499
168,Turkey,TR,38.963745,35.243322
169,Turkmenistan,TM,38.969719,59.556278
170,Tuvalu,TV,-7.478442,178.679921
171,Uganda,UG,1.373333,32.290275
172,Ukraine,UA,48.379433,31.16558
173,United Kingdom,GB,55.378051,-3.435973
174,United States,US,39.50024,-98.350891
175,Uruguay,UY,-32.522779,-55.765835
176,Uzbekistan,UZ,41.377491,64.585262
177,Vanuatu,VU,-15.376706,166.959158
178,Vatican City,VA,41.902916,12.453389
179,Venezuela,VE,6.42375,-66.58973
180,Vietnam,VN,14.058324,108.277199
181,Yemen,YE,15.552727,48.516388
182,Zambia,ZM,-13.133897,27.849332
183,Zimbabwe,ZW,-19.015438,29.154857
184,Myanmar,MM,22,98
